{"cameraMode":{"drawMode":0,"name":"Shaded","section":"Shading Mode"},"sceneLighting":true,"audioPlay":false,"sceneViewState":{"showFog":true,"showMaterialUpdate":false,"showSkybox":true,"showFlares":true,"showImageEffects":true,"showParticleSystems":true},"in2DMode":false,"pivot":{"x":-7.16419792175293,"y":2.827808380126953,"z":-3.3672430515289308},"rotation":{"x":0.03230072185397148,"y":-0.9673505425453186,"z":0.16406120359897614,"w":0.19045643508434297},"size":18.39725685119629,"orthographic":true}