{"cameraMode":{"drawMode":0,"name":"Shaded","section":"Shading Mode"},"sceneLighting":false,"audioPlay":false,"sceneViewState":{"showFog":true,"showMaterialUpdate":false,"showSkybox":false,"showFlares":true,"showImageEffects":true,"showParticleSystems":true},"in2DMode":false,"pivot":{"x":0.0,"y":0.9999999403953552,"z":1.4901161193847657e-7},"rotation":{"x":0.17116248607635499,"y":-0.689921498298645,"z":0.17322932183742524,"w":0.6816915273666382},"size":5.715767860412598,"orthographic":true}